<?xml version="1.0" encoding="UTF-8"?>
<jcr:root xmlns:sling="http://sling.apache.org/jcr/sling/1.0" xmlns:cq="http://www.day.com/jcr/cq/1.0" xmlns:jcr="http://www.jcp.org/jcr/1.0" xmlns:nt="http://www.jcp.org/jcr/nt/1.0"
    jcr:primaryType="nt:unstructured"
    jcr:title="Properties"
    sling:resourceType="cq/gui/components/authoring/dialog">
    <content
        jcr:primaryType="nt:unstructured"
        sling:resourceType="granite/ui/components/coral/foundation/fixedcolumns">
        <items jcr:primaryType="nt:unstructured">
            <tabs
                jcr:primaryType="nt:unstructured"
                sling:resourceType="granite/ui/components/coral/foundation/tabs"
                maximized="{Boolean}true">
                <items jcr:primaryType="nt:unstructured">
                    <mediacarouselwithmultifield
                        jcr:primaryType="nt:unstructured"
                        jcr:title="Media Carousel Multifield With Map"
                        sling:resourceType="granite/ui/components/coral/foundation/container">
                        <items jcr:primaryType="nt:unstructured">
                            <mediatype
                                jcr:primaryType="nt:unstructured"
                                sling:resourceType="granite/ui/components/coral/foundation/form/select"
                                fieldLabel="Media Type"
                                name="./mediatype">
                                <items jcr:primaryType="nt:unstructured">
                                    <select
                                        jcr:primaryType="nt:unstructured"
                                        text="Please Select Media Type"
                                        value="mediatype"/>
                                    <image
                                        jcr:primaryType="nt:unstructured"
                                        text="Image"
                                        value="image"/>
                                    <video
                                        jcr:primaryType="nt:unstructured"
                                        text="Video"
                                        value="video"/>
                                </items>
                            </mediatype>
                            <well
                                jcr:primaryType="nt:unstructured"
                                sling:resourceType="granite/ui/components/coral/foundation/well"
                                fieldLabel="Media Carousel Details">
                                <items jcr:primaryType="nt:unstructured">
                                    <mediacarouseldetailswithmap
                                        jcr:primaryType="nt:unstructured"
                                        sling:resourceType="granite/ui/components/coral/foundation/form/multifield"
                                        composite="{Boolean}true"
                                        fieldDescription="Media Carousel Details"
                                        fieldLabel="Media Carousel Details"
                                        required="{Boolean}false">
                                        <field
                                            jcr:primaryType="nt:unstructured"
                                            sling:resourceType="granite/ui/components/coral/foundation/container"
                                            emptyText="Media Carousel Details"
                                            name="./mediaCarouselDetailsWithMap">
                                            <items jcr:primaryType="nt:unstructured">
                                                <title
                                                    jcr:primaryType="nt:unstructured"
                                                    sling:resourceType="granite/ui/components/coral/foundation/form/textfield"
                                                    fieldLabel="Title"
                                                    name="./title"/>
                                                <description
                                                    jcr:primaryType="nt:unstructured"
                                                    sling:resourceType="granite/ui/components/coral/foundation/form/textfield"
                                                    fieldLabel="Description"
                                                    name="./carouseldescription"/>
                                                <media
                                                    jcr:primaryType="nt:unstructured"
                                                    sling:resourceType="granite/ui/components/coral/foundation/form/pathfield"
                                                    fieldLabel="Media"
                                                    name="./carouselMedia"
                                                    rootPath="/content/dam/ibm-commerce"/>
                                            </items>
                                        </field>
                                    </mediacarouseldetailswithmap>
                                </items>
                            </well>
                        </items>
                    </mediacarouselwithmultifield>
                </items>
            </tabs>
        </items>
    </content>
</jcr:root>
