<?xml version="1.0" encoding="UTF-8"?>
<jcr:root xmlns:jcr="http://www.jcp.org/jcr/1.0" xmlns:nt="http://www.jcp.org/jcr/nt/1.0" xmlns:granite="http://www.adobe.com/jcr/granite/1.0" xmlns:cq="http://www.day.com/jcr/cq/1.0" xmlns:sling="http://sling.apache.org/jcr/sling/1.0"
    jcr:primaryType="nt:unstructured"
    jcr:title="Page"
    sling:resourceType="cq/gui/components/authoring/dialog"
    extraClientlibs="[cq.common.wcm,core.wcm.components.page.v2.editor,cq.wcm.msm.properties,granite.contexthub.configuration,cq.siteadmin.admin.properties]"
    helpPath="https://www.adobe.com/go/aem_cmp_page_v2"
    mode="edit"
    trackingFeature="core-components:page:v2">
    <content
        granite:class="cq-dialog-content-page"
        jcr:primaryType="nt:unstructured"
        sling:resourceType="granite/ui/components/coral/foundation/container">
        <items jcr:primaryType="nt:unstructured">
            <tabs
                granite:class="cq-siteadmin-admin-properties-tabs"
                jcr:primaryType="nt:unstructured"
                sling:resourceType="granite/ui/components/coral/foundation/tabs"
                size="L">
                <items jcr:primaryType="nt:unstructured">
                    <customproperties
                        cq:showOnCreate="{Boolean}true"
                        jcr:primaryType="nt:unstructured"
                        jcr:title="Custom Properties"
                        sling:orderBefore="cloudservices"
                        sling:resourceType="granite/ui/components/coral/foundation/fixedcolumns">
                        <items jcr:primaryType="nt:unstructured">
                            <column
                                jcr:primaryType="nt:unstructured"
                                sling:resourceType="granite/ui/components/coral/foundation/container">
                                <items jcr:primaryType="nt:unstructured">
                                    <section
                                        jcr:primaryType="nt:unstructured"
                                        jcr:title="Social Media sharing"
                                        sling:resourceType="granite/ui/components/coral/foundation/form/fieldset">
                                        <items jcr:primaryType="nt:unstructured">
                                            <inputgroup
                                                jcr:primaryType="nt:unstructured"
                                                sling:resourceType="granite/ui/components/coral/foundation/text"
                                                text="Enable user sharing for"/>
                                            <field
                                                cq:showOnCreate="{Boolean}true"
                                                jcr:primaryType="nt:unstructured"
                                                sling:resourceType="granite/ui/components/coral/foundation/form/fieldset">
                                                <items jcr:primaryType="nt:unstructured">
                                                    <facebook
                                                        cq:showOnCreate="{Boolean}true"
                                                        jcr:primaryType="nt:unstructured"
                                                        sling:resourceType="granite/ui/components/coral/foundation/form/checkbox"
                                                        name="./isarticle"
                                                        renderReadOnly="{Boolean}true"
                                                        text="Article"
                                                        value="article">
                                                        <granite:data
                                                            jcr:primaryType="nt:unstructured"
                                                            cq-msm-lockable="socialMedia"/>
                                                    </facebook>
                                                </items>
                                            </field>
                                            <image
                                                jcr:primaryType="nt:unstructured"
                                                jcr:title="Image"
                                                sling:resourceType="granite/ui/components/foundation/section">
                                                <layout
                                                    jcr:primaryType="nt:unstructured"
                                                    sling:resourceType="granite/ui/components/foundation/layouts/fixedcolumns"
                                                    margin="{Boolean}false"/>
                                                <items jcr:primaryType="nt:unstructured">
                                                    <column
                                                        jcr:primaryType="nt:unstructured"
                                                        sling:resourceType="granite/ui/components/foundation/container">
                                                        <items jcr:primaryType="nt:unstructured">
                                                            <file
                                                                jcr:primaryType="nt:unstructured"
                                                                sling:resourceType="cq/gui/components/authoring/dialog/fileupload"
                                                                autoStart="{Boolean}false"
                                                                class="cq-droptarget"
                                                                fieldLabel="Image asset"
                                                                fileNameParameter="./fileName"
                                                                fileReferenceParameter="./fileReference"
                                                                mimeTypes="[image]"
                                                                multiple="{Boolean}false"
                                                                name="./file"
                                                                title="Upload Image Asset"
                                                                uploadUrl="${suffix.path}"
                                                                useHTML5="{Boolean}true"/>
                                                            <description
                                                                jcr:primaryType="nt:unstructured"
                                                                sling:resourceType="granite/ui/components/foundation/form/textarea"
                                                                fieldLabel="Description"
                                                                name="./jcr:description"/>
                                                        </items>
                                                    </column>
                                                </items>
                                            </image>
                                        </items>
                                    </section>
                                </items>
                            </column>
                        </items>
                    </customproperties>
                </items>
            </tabs>
        </items>
    </content>
</jcr:root>
