<?xml version="1.0" encoding="UTF-8"?>
<jcr:root xmlns:jcr="http://www.jcp.org/jcr/1.0" xmlns:nt="http://www.jcp.org/jcr/nt/1.0" xmlns:cq="http://www.day.com/jcr/cq/1.0" xmlns:sling="http://sling.apache.org/jcr/sling/1.0"
    jcr:primaryType="nt:unstructured"
    jcr:title="Properties"
    sling:resourceType="cq/gui/components/authoring/dialog">
    <content
        jcr:primaryType="nt:unstructured"
        sling:resourceType="granite/ui/components/coral/foundation/fixedcolumns">
        <items jcr:primaryType="nt:unstructured">
            <tabs
                jcr:primaryType="nt:unstructured"
                sling:resourceType="granite/ui/components/coral/foundation/tabs"
                maximized="{Boolean}true">
                <items jcr:primaryType="nt:unstructured">
                    <mediacarouselwithmultifield
                        jcr:primaryType="nt:unstructured"
                        jcr:title="Media Carousel Multifield With Map"
                        sling:resourceType="granite/ui/components/coral/foundation/container">
                        <items jcr:primaryType="nt:unstructured">
                            <mediatype
                                jcr:primaryType="nt:unstructured"
                                sling:resourceType="granite/ui/components/coral/foundation/form/select"
                                fieldLabel="Media Type"
                                name="./mediatype">
                                <items jcr:primaryType="nt:unstructured">
                                    <select
                                        jcr:primaryType="nt:unstructured"
                                        text="Please Select Media Type"
                                        value="mediatype"/>
                                    <image
                                        jcr:primaryType="nt:unstructured"
                                        text="Image"
                                        value="image"/>
                                    <video
                                        jcr:primaryType="nt:unstructured"
                                        text="Video"
                                        value="video"/>
                                </items>
                            </mediatype>
                            <well
                                jcr:primaryType="nt:unstructured"
                                sling:resourceType="granite/ui/components/coral/foundation/well"
                                fieldLabel="Media Carousel Details">
                                <items jcr:primaryType="nt:unstructured">
                                    <mediacarouseldetailswithmap
                                        jcr:primaryType="nt:unstructured"
                                        sling:resourceType="granite/ui/components/coral/foundation/form/multifield"
                                        composite="{Boolean}true"
                                        fieldDescription="Media Carousel Details"
                                        fieldLabel="Media Carousel Details"
                                        required="{Boolean}false">
                                        <field
                                            jcr:primaryType="nt:unstructured"
                                            sling:resourceType="granite/ui/components/coral/foundation/container"
                                            emptyText="Media Carousel Details"
                                            name="./mediaCarouselDetailsWithMap">
                                            <items jcr:primaryType="nt:unstructured">
                                                <title
                                                    jcr:primaryType="nt:unstructured"
                                                    sling:resourceType="granite/ui/components/coral/foundation/form/textfield"
                                                    fieldLabel="Title"
                                                    name="./title"/>
                                                <description
                                                    jcr:primaryType="nt:unstructured"
                                                    sling:resourceType="granite/ui/components/coral/foundation/form/textfield"
                                                    fieldLabel="Description"
                                                    name="./carouseldescription"/>
                                                <list
                                                    jcr:primaryType="nt:unstructured"
                                                    sling:resourceType="granite/ui/components/foundation/form/select"
                                                    class="cq-dialog-dropdown-showhide-multi"
                                                    cq-dialog-dropdown-showhide-target=".carousel-showhide-target"
                                                    fieldLabel="Link Type"
                                                    name="./linkType">
                                                    <items jcr:primaryType="nt:unstructured">
                                                        <internal
                                                            jcr:primaryType="nt:unstructured"
                                                            text="Internal"
                                                            value="internal"/>
                                                        <external
                                                            jcr:primaryType="nt:unstructured"
                                                            text="External"
                                                            value="external"/>
                                                    </items>
                                                </list>
                                                <setInternal
                                                    jcr:primaryType="nt:unstructured"
                                                    sling:resourceType="granite/ui/components/foundation/container"
                                                    class="hide carousel-showhide-target foundation-layout-util-vmargin"
                                                    showhidetargetvalue="internal">
                                                    <items jcr:primaryType="nt:unstructured">
                                                        <heading
                                                            jcr:primaryType="nt:unstructured"
                                                            sling:resourceType="granite/ui/components/foundation/heading"
                                                            class="coral-Heading coral-Heading--4"
                                                            level="{Long}4"
                                                            text="InternalLink"/>
                                                        <well
                                                            jcr:primaryType="nt:unstructured"
                                                            sling:resourceType="granite/ui/components/foundation/container">
                                                            <layout
                                                                jcr:primaryType="nt:unstructured"
                                                                sling:resourceType="granite/ui/components/foundation/layouts/well"/>
                                                            <items jcr:primaryType="nt:unstructured">
                                                                <videoBackgroundImage
                                                                    jcr:primaryType="nt:unstructured"
                                                                    sling:resourceType="granite/ui/components/coral/foundation/form/pathfield"
                                                                    fieldLabel="Internal Link"
                                                                    name="./internallink"
                                                                    rootPath="/content/dam"/>
                                                            </items>
                                                        </well>
                                                    </items>
                                                </setInternal>
                                                <setexternal
                                                    jcr:primaryType="nt:unstructured"
                                                    sling:resourceType="granite/ui/components/foundation/container"
                                                    class="hide carousel-showhide-target foundation-layout-util-vmargin"
                                                    showhidetargetvalue="external">
                                                    <items jcr:primaryType="nt:unstructured">
                                                        <heading
                                                            jcr:primaryType="nt:unstructured"
                                                            sling:resourceType="granite/ui/components/foundation/heading"
                                                            class="coral-Heading coral-Heading--4"
                                                            level="{Long}4"
                                                            text="External Link"/>
                                                        <well
                                                            jcr:primaryType="nt:unstructured"
                                                            sling:resourceType="granite/ui/components/foundation/container">
                                                            <layout
                                                                jcr:primaryType="nt:unstructured"
                                                                sling:resourceType="granite/ui/components/foundation/layouts/well"/>
                                                            <items jcr:primaryType="nt:unstructured">
                                                                <imageAlt
                                                                    jcr:primaryType="nt:unstructured"
                                                                    sling:resourceType="granite/ui/components/coral/foundation/form/textfield"
                                                                    fieldLabel="External"
                                                                    name="./externalLink"/>
                                                            </items>
                                                        </well>
                                                    </items>
                                                </setexternal>
                                            </items>
                                        </field>
                                    </mediacarouseldetailswithmap>
                                </items>
                            </well>
                        </items>
                    </mediacarouselwithmultifield>
                </items>
            </tabs>
        </items>
    </content>
</jcr:root>
