<?xml version="1.0" encoding="UTF-8"?>
<jcr:root xmlns:jcr="http://www.jcp.org/jcr/1.0" xmlns:rep="internal" xmlns:sling="http://sling.apache.org/jcr/sling/1.0"
    jcr:mixinTypes="[rep:AccessControllable]"
    jcr:primaryType="sling:OrderedFolder">
    <jcr:content/>
    <asset.jpg/>
    <mycarouselfolder/>
    <profiles/>
    <videos/>
    <ltimindtree-logo.png/>
    <myprofiles/>
    <hdfiction.jpg/>
    <Adobe-Experience-Manager-Developer-Course-AEM.jpg/>
    <myautoexpocontentfragement/>
    <bookdetail/>
    <avatar.png/>
    <_x0039_3.png/>
    <AdobeExperienceCloud_logo_01.png/>
    <grid-view.png/>
    <list-view.png/>
    <user.png/>
    <carousel/>
    <Sample-Employee-Data.xlsx/>
    <student.csv/>
    <student.txt/>
    <rep:policy/>
    <blogpostcard/>
</jcr:root>
